{
  "dataset": "RAF-DB",
  "dataset_kaggle": "nishchalchandel/raf-db-face-emotion-dataset",
  "model": "convnexttiny_rafdb_facecrop",
  "image_size": 224,
  "batch_size": 32,
  "best_epoch": 23,
  "best_val_accuracy": 0.857795172863666,
  "test_loss": 0.6657715971772756,
  "test_accuracy": 0.8514657980456026,
  "classification_report": {
    "angry": {
      "precision": 0.8428571428571429,
      "recall": 0.7283950617283951,
      "f1-score": 0.7814569536423841,
      "support": 81.0
    },
    "disgust": {
      "precision": 0.6296296296296297,
      "recall": 0.425,
      "f1-score": 0.5074626865671642,
      "support": 80.0
    },
    "fear": {
      "precision": 0.5454545454545454,
      "recall": 0.4864864864864865,
      "f1-score": 0.5142857142857142,
      "support": 37.0
    },
    "happy": {
      "precision": 0.9235772357723577,
      "recall": 0.9578414839797639,
      "f1-score": 0.9403973509933775,
      "support": 593.0
    },
    "neutral": {
      "precision": 0.7972222222222223,
      "recall": 0.8441176470588235,
      "f1-score": 0.82,
      "support": 340.0
    },
    "sad": {
      "precision": 0.8410041841004184,
      "recall": 0.8410041841004184,
      "f1-score": 0.8410041841004184,
      "support": 239.0
    },
    "surprise": {
      "precision": 0.8536585365853658,
      "recall": 0.8484848484848485,
      "f1-score": 0.851063829787234,
      "support": 165.0
    },
    "accuracy": 0.8514657980456026,
    "macro avg": {
      "precision": 0.7762004995173832,
      "recall": 0.7330471016912481,
      "f1-score": 0.7508101027680418,
      "support": 1535.0
    },
    "weighted avg": {
      "precision": 0.8465238645138541,
      "recall": 0.8514657980456026,
      "f1-score": 0.8474298115002894,
      "support": 1535.0
    }
  },
  "classes": [
    "angry",
    "disgust",
    "fear",
    "happy",
    "neutral",
    "sad",
    "surprise"
  ],
  "ethical_note": "Modelo de expressão facial aparente. Não usar como diagnóstico clínico."
}